SET SQL_MODE = "NO_AUTO_VALUE_ON_ZERO";
SET time_zone = "+00:00";

/*!40101 SET @OLD_CHARACTER_SET_CLIENT=@@CHARACTER_SET_CLIENT */;
/*!40101 SET @OLD_CHARACTER_SET_RESULTS=@@CHARACTER_SET_RESULTS */;
/*!40101 SET @OLD_COLLATION_CONNECTION=@@COLLATION_CONNECTION */;
/*!40101 SET NAMES utf8mb4 */;


INSERT INTO `lupa_config` (`id`, `key`, `value`, `time_edited`, `time_created`) VALUES
(1, 'color_css_uri', '/css/color-default.css', NULL, '2016-03-13 22:00:00'),
(2, 'footer_img_uri', '/data/img/footer.jpg', '2017-02-28 18:04:11', '2016-03-16 22:00:00'),
(3, 'header_logo_uri', '/data/img/logo22V-{lang}.png', '2017-01-31 19:38:54', '2016-03-25 22:00:00'),
(4, 'contact_email', 'matias@matias-laptop', '2016-04-02 18:37:11', '2016-04-01 21:00:00'),
(5, 'mail_server', 'localhost', '2016-04-13 19:20:29', '2016-04-12 21:00:00'),
(6, 'mail_user', '', NULL, '2016-04-12 21:00:00'),
(7, 'mail_password', '', NULL, '2016-04-12 21:00:00'),
(8, 'js_src_mode', 'debug', NULL, '2016-07-15 18:00:00'),
(9, 'js_src_version', '20170212', '2017-02-12 13:09:50', '2016-07-15 18:00:00'),
(10, 'css_src_version', '20170212', '2017-02-12 13:09:55', '2016-07-15 18:00:00'),
(11, 'facebook_page_url', 'https://www.facebook.com/lansiuudenmaanpuuapu/', '2017-01-14 12:59:06', '2017-01-13 22:00:00'),
(12, 'css_src_mode', 'debug', NULL, '2016-07-15 18:00:00');

INSERT INTO `lupa_service` (`id`, `icon_uri`, `time_edited`, `time_created`) VALUES
(1, '/data/img/ui-symbols/plant.png', '2017-01-22 13:37:13', '2016-12-31 14:41:27'),
(2, '/data/img/ui-symbols/saw.png', '2017-01-22 13:37:43', '2016-12-31 14:41:27'),
(3, '/data/img/ui-symbols/tree.png', '2017-01-22 13:37:28', '2016-12-31 14:41:27'),
(4, '/data/img/ui-symbols/stump.png', '2017-01-22 13:37:52', '2016-12-31 14:41:27');

INSERT INTO `lupa_service_image` (`id`, `service_id`, `image_uri`, `time_edited`, `time_created`) VALUES
(8, 2, '/data/img/services/puiden_kaataminen.jpg', '2017-01-27 15:54:06', '2016-12-31 00:00:00'),
(9, 3, '/data/img/services/sahauspalvelu.jpg', '2017-01-27 15:54:12', '2016-12-31 00:00:00'),
(10, 4, '/data/img/services/kantojyrsinta.jpg', '2017-01-06 15:12:26', '2016-12-31 00:00:00'),
(11, 1, '/data/img/services/istutus.jpg', '2017-01-27 15:54:21', '2016-12-31 00:00:00');


INSERT INTO `lupa_service_text` (`id`, `service_id`, `language`, `title`, `subtitle`, `text`, `time_edited`, `time_created`) VALUES
(8, 3, 'fi', 'Puunkaato, poiskuljetus, pilkkominen ja hakettaminen', 'Puunkaatoa/ammattitaidolla', 'Suunnittelemme puillesi ja pihallesi sopivan puunkaadon. Kaadamme puusi kiipeilykaatona, nostokorikaatona, suorana kaatona tai muulla tavoin, aina ammatilliseen arviointiin perustuen. Tarjoamme (järjestämme?) myös risujen ja runkojen poiskuljetuksen. Haketamme usein risut kuljetuksen helpottamiseksi. Hake soveltuu kuorikatteeksi esimerkiksi pensaiden juurille. Tukkien pätkimisen ja karsimisen lisäksi voimme pilkkoa pölkyt klapeiksi tehokkaalla klapikoneella, jota vuokraamme myös omaan käyttöön.', '2018-03-14 17:57:08', '2016-12-31 00:00:00'),
(9, 2, 'fi', 'Puiden hoitoleikkaaminen', 'Hoitoleikkaus/ajatuksella', 'Hoitoleikkaamme niin omenapuut, tuija- ja kuusiaidat kuin korkeat jalopuutkin. Leikkaamme maasta käsin, kiipeilemällä tai nostokorista. Leikkaamalla puusi riittävän usein suojelet puutasi ihmisiltä ja ihmiset puultasi.', '2018-03-14 17:59:45', '2016-12-31 00:00:00'),
(10, 4, 'fi', 'Kantojyrsintä', 'Kantojyrsintä/kannot pois', 'Kantojyrsinnällä pääset eroon kannoista ja juurakoista. Kantojyrsinnästä syntyvä hake soveltuu hyvin puutarhakatteeksi pensaiden alle. Kanto hankaloittaa pihasi käyttöä, muun muassa nurmikon leikkaamista ja lumitöitä. Kannon lahoaminen kestää 10-30 vuotta puulajista ja kannon koosta riippuen.', '2018-03-14 17:58:11', '2016-12-31 00:00:00'),
(11, 1, 'sv', 'Plantering, vård och besiktning', 'Plantering/besiktning', 'När du planterar rätt träd på rätt sätt och rätt plats försäkrar du att ditt träd får en god start. Träd behöver skydd och vård, särskilt i byggd miljö. Vi planterar nya träd, besiktigar gamla, samt rekommenderar åtgärder vid behov.', '2018-03-14 18:39:31', '2016-12-31 00:00:00'),
(12, 3, 'sv', 'Trädfällning, bortforsling, klyvning och flisning', 'Trädfällning/yrkesmässigt', 'Vi planerar och genomför trädfällning anpassad för dina träd och din gård. Dina träd fälls med traditionell teknik, genom sektionsfällning (klättring), med bomlift eller med annan ändamålsenlig teknik, alltid enligt yrkesmässig bedömning. Vi erbjuder även bortforsling av stammar och ris. Riset flisas ofta för att underlätta transport. Flisen passar bl.a. som marktäckning runt träd och buskar. Vi kan också flisa ditt ris på beställning. Vi kan också kapa upp och klyva stockarna till vedklabbar med en effektiv vedklyv, som även kan hyras för eget bruk.', '2018-03-14 18:19:32', '2016-12-31 00:00:00'),
(13, 2, 'sv', 'Beskärning av träd och buskar', 'Beskärning/underhåll', 'Vi beskär såväl äppelträd, cypress- och granhäckar som stora ädellövträd. Vi beskär bl.a. från marken, med bomlift eller med klätterteknik. När du beskär dina träd tillräckligt ofta skyddar du både dem från omgivningen samt vice versa.', '2018-03-14 18:23:44', '2016-12-31 00:00:00'),
(14, 4, 'sv', 'Stubbfräsning', 'Stubbfräsning/ta bort stubben', 'Vi kan avlägsna dina stubbar och ytliga rötter genom att fräsa dem. Flisen som blir kvar passar utmärkt som marktäckning runt träd och buskar. Ofta bortforslar vi dock flisen, lägger mull och sår gräs där trädet stod. En stubbe orsakar problem vid såväl gräsklippning som snöröjning. Stubben kan avlägsnas med grävmaskin eller stubbfräs. En stubbe förmultnar under 10–30 år beroende på storlek och träslag. Våra stubbfräsar skadar inte gräsmattan och är av tre olika storlekar, för att passa dina behov.', '2018-03-14 18:21:33', '2016-12-31 00:00:00'),
(15, 1, 'fi', 'Puiden istuttaminen, hoitaminen ja arvioiminen', 'Puunhoito/arviointi', 'Kun istutat oikean puun oikealla tavalla oikeaan paikkaan, varmistat puullesi pitkän iän. Puusi tarvitsee myös suojelua ja hoitoa, varsinkin rakennetussa ympäristössä, pihoilla ja puistoissa. Miten puusi voi? Arvioimme ja tarjoamme sinulle puusi tarvitsemat palvelut!', '2018-03-14 18:00:59', '2016-12-31 00:00:00'),
(16, 2, 'en', 'Pruning', 'Pruning/tree maintenance', 'We prune apple trees, fir hedges as well as large broadleaved trees from the ground, by climbing the tree or using a skylift. By pruning your trees regularly you protect them from the surroundings and vice versa.', '2018-03-14 18:56:33', '2017-01-02 00:00:00'),
(17, 4, 'en', 'Stump grinding', 'Stump grinding/removing stumps', 'We can remove your tree stumps and roots well under ground to give place for your lawn or otherplants. The chips produced by the stump grinders carbide teeth are suitable for covering the ground around trees and bushes. On request we also transport the chips to the city dump, and seed lawn where the tree stood. Tree stumps make lawn mowing and snow shoveling difficult. It takes 10-30 years for a tree stump to decompose naturally, and it can only be removed with a large excavator or a stump grinder. Our stump grinders do not damage your lawn and they come in three different sizes, depending on your needs.', '2018-03-14 18:55:09', '2017-01-28 00:00:00'),
(18, 3, 'en', 'Tree felling, removal, splitting and chipping', 'Tree felling/professionally', 'We plan and carry out tree removal to suit your trees as well as your yard. We fell your trees byclimbing, using a skylift or by other means fit for purpose, always based on a professional analysis. We also offer removal of brushwood and trunks. We usually chip the brushwood for ease of transport, and tree chips are well suited as ground cover in gardens around bushes and trees. We can split the tree blocks into firewood using an efficient wood splitter which you also can rent and use yourself.', '2018-03-14 18:53:35', '2017-01-28 00:00:00'),
(19, 1, 'en', 'Tree care, planting and inspection', 'Planting/inspection', 'Having the right tree planted the right way in the right spot with skill and care provides it with the good start it needs to thrive and survive. Your tree needs protection and care taking, especially in a built environment. How are your trees doing? Do they need attention? We inspect and offer the services your trees need!', '2018-03-14 18:58:45', '2017-01-28 00:00:00');

INSERT INTO `lupa_slide` (`id`, `html`, `content_target`, `is_published`, `time_created`, `time_edited`) VALUES
(1, '<img src="/data/img/slides/skog5B_be.jpg" alt="" class="lupa-slide-image">', 'front_page', 1, '2016-12-21 00:00:00', '2017-01-06 16:01:17'),
(2, '<img src="/data/img/slides/skog6B_be.jpg" alt="" class="lupa-slide-image">', 'front_page', 1, '2016-12-21 00:00:00', '2017-01-06 16:01:25'),
(3, '<img src="/data/img/slides/skog3B_be.jpg" alt="" class="lupa-slide-image">', 'front_page', 1, '2016-12-21 00:00:00', '2017-01-06 16:01:33'),
(4, '<img src="/data/img/slides/skog1leikattu_be.jpg" alt="" class="lupa-slide-image">', 'front_page', 1, '2016-12-21 00:00:00', '2017-01-06 16:01:43');


INSERT INTO `lupa_faq_answer` (`id`, `image_uri`, `time_created`, `time_edited`) VALUES
(1, '', '2017-11-28 00:00:00', NULL),
(2, '', '2017-11-28 00:00:00', NULL),
(3, '/data/img/faq/martin_01.jpg', '2017-11-28 00:00:00', '2018-03-06 20:08:08'),
(4, '', '2018-03-14 00:00:00', NULL),
(5, '', '2018-03-14 00:00:00', NULL),
(6, '', '2018-03-14 00:00:00', NULL),
(7, '', '2018-03-14 00:00:00', NULL),
(8, '', '2018-03-14 00:00:00', NULL),
(9, '', '2018-03-14 00:00:00', NULL),
(10, '', '2018-03-14 00:00:00', NULL),
(11, '', '2018-03-14 00:00:00', NULL);

INSERT INTO `lupa_faq_answer_text` (`id`, `faq_answer_id`, `language`, `question`, `answer`, `time_created`, `time_edited`) VALUES
(1, 1, 'fi', 'Syntyykö kantojyrsinnästä paljon haketta?', 'Pienen, alle 20cm kannon hakkeet voi tasoittaa kannon paikalle, mutta isommasta yli 60cm kannosta voi syntyä kuutiometrin eli 10 jätesäkin verran haketta. Maksusta viemme jyrsintäjätteet mennessämme.', '2017-11-28 00:00:00', '2018-03-14 21:27:58'),
(8, 2, 'fi', 'Kuinka paljon puun kaataminen maksaa?', 'Merkittyjen puiden kaatohinnan arvioimme maksutta. Usein myös keskustelemme tavoitteista ja ehdotamme erilaisia ratkaisuja. Kirjallinen tarjous on tietysti maksuton.', '2017-11-28 00:00:00', '2018-03-14 21:31:06'),
(11, 3, 'fi', 'Puussa on halkeama tai kääpä/kuori irtoaa, onko puu pakko kaataa?', 'Kyseiset oireet ovat usein merkkejä vakavasta ongelmasta, mutta jokainen puu on arvioitava erikseen. Tilanne riippuu paljolti puulajista, puun rakenteesta ja sijainnista ym. Tulemme mielellämme tekemään arvion ja tarjouksen tarvittavista toimenpiteistä.', '2017-11-28 00:00:00', '2018-03-14 21:31:56'),
(12, 4, 'fi', 'Meille on tulossa pihatöitä, kuinka suojaan säilytettävät puut?', 'Suojaus riippuu puulajista ja puun koosta. On mm. tärkeää suojata puun pintajuuria, mikäli puun vierestä on tarkoitus ajaa maansiirtokoneilla. Ihan puun vierestä ei myöskään voi suorittaa kaivuutöitä vahingoittamatta puuta peruuttamattomasti. Tulemme mielellämme arvioimaan tilanteen ja laatimaan puullesi suojaussuunnitelman.', '2018-03-14 00:00:00', '2018-03-14 21:38:12'),
(13, 5, 'fi', 'Paljonko kantojyrsintä maksaa?', 'Teemme mielellämme tarjouksen kantojyrsinnästä. Hinta per kanto on pienempi, mikäli kantoja on paljon (yli 10 kpl). Kannon koko ja sijainti vaikuttavat myös hintaan.', '2018-03-14 00:00:00', '2018-03-14 21:38:12'),
(14, 6, 'fi', 'Kuinka leveän kulkuväylän kantojyrsin vaatii?', 'Iso kone mahtuu 90 cm leveästä portista. Pienempi kone mahtuu alle 70 cm portista. Pikkukantoja varten meiltä löytyy myös kannettava jyrsin.', '2018-03-14 00:00:00', '2018-03-14 21:44:29'),
(15, 7, 'fi', 'Voiko jyrsityn kannon tilalle kylvää nurmikon?', 'Kyllä voi!', '2018-03-14 00:00:00', NULL),
(16, 8, 'fi', 'Puu kallistuu, kaatuuko se?', 'On hälyttävää, jos puun asento muuttuu, varsinkin jos juuret nousevat kallistumaan ”selkäpuolella”. Toisaalta kallellaan oleva puu voi olla tasapainossa siinä missä pystysuorakin puu.', '2018-03-14 00:00:00', NULL),
(17, 9, 'fi', 'Omenapuun sato on heikko, onko mitään tehtävissä? ', 'Omenat ja lehdet tarvitsevat valoa ja liikkuvaa ilmaa kehittyäkseen suotuisasti, siksi kannattaa puut kannattaa hoitoleikata kerran vuodessa helmi-maaliskuussa.', '2018-03-14 00:00:00', NULL),
(18, 10, 'fi', 'Voiko vanhan puun paikalle istuttaa uuden?', 'Voi, kunhan vanha kanto saadaan kokonaan jyrsittyä pois.', '2018-03-14 00:00:00', NULL),
(19, 11, 'fi', 'Kuinka syvälle kantojyrsin yltää?', 'Normaali jyrsintäsyvyys on 15 cm, mutta tarvittaessa päästään n. 30 cm asti.', '2018-03-14 00:00:00', NULL);


INSERT INTO `lupa_ui_text` (`id`, `language`, `code`, `content`, `time_edited`, `time_created`) VALUES
(1, 'fi', 'FRONT_PAGE_PROMO', 'Kehitämme ja valmistamme prototyypejä ja sisustusosia puusta. Hyödynnämme mm. cnc-tekniikkaa ja puun muotopuristusta.', '2016-05-15 18:35:20', '2016-03-05 22:00:00'),
(2, 'sv', 'FRONT_PAGE_PROMO', 'Vi utvecklar och tillverkar prototyper och inredningsdetaljer av trä. Cnc-fräsning och vakumlaminering ar några av de tekniker vi tillämpar.', '2017-04-02 13:20:03', '2016-03-05 22:00:00'),
(3, 'en', 'FRONT_PAGE_PROMO', 'We develop and manufacture prototypes and furniture parts from various wood materials. Cnc-routing and vacuum veneering are some of the technics at our disposal.', '2016-03-06 16:17:35', '2016-03-05 22:00:00'),
(4, 'fi', 'FRONT_PAGE_TITLE', 'LUPA', '2017-01-21 15:29:37', '2016-03-05 22:00:00'),
(5, 'sv', 'FRONT_PAGE_TITLE', 'LUPA', '2017-04-02 13:20:03', '2016-03-05 22:00:00'),
(6, 'en', 'FRONT_PAGE_TITLE', 'LUPA', '2017-01-21 15:29:44', '2016-03-05 22:00:00'),
(7, 'fi', 'EXCEPTION_PAGE_TITLE', 'Virhe', NULL, '2016-03-05 22:00:00'),
(8, 'sv', 'EXCEPTION_PAGE_TITLE', 'Fel', '2017-04-02 13:20:03', '2016-03-05 22:00:00'),
(9, 'en', 'EXCEPTION_PAGE_TITLE', 'Error', NULL, '2016-03-05 22:00:00'),
(10, 'fi', 'NAV_SERVICES', 'Palvelut', NULL, '2016-03-11 22:00:00'),
(11, 'sv', 'NAV_SERVICES', 'Tjänster', '2017-04-02 13:20:03', '2016-03-11 22:00:00'),
(12, 'en', 'NAV_SERVICES', 'Services', '2016-03-12 16:20:54', '2016-03-11 22:00:00'),
(13, 'fi', 'NAV_GALLERY', 'Galleria', NULL, '2016-03-11 22:00:00'),
(14, 'en', 'NAV_GALLERY', 'Gallery', NULL, '2016-03-11 22:00:00'),
(15, 'sv', 'NAV_GALLERY', 'Galleri', '2017-04-02 13:20:03', '2016-03-11 22:00:00'),
(16, 'sv', 'NAV_FRONT_PAGE', 'LUPA', '2017-04-02 13:20:03', '2016-03-11 22:00:00'),
(17, 'fi', 'NAV_FRONT_PAGE', 'LUPA', '2017-01-21 15:29:07', '2016-03-11 22:00:00'),
(18, 'en', 'NAV_FRONT_PAGE', 'LUPA', '2017-01-21 15:29:43', '2016-03-11 22:00:00'),
(19, 'en', 'NAV_CONTACT', 'Contact', NULL, '2016-03-11 22:00:00'),
(20, 'sv', 'NAV_CONTACT', 'Kontakt', '2017-04-02 13:20:03', '2016-03-11 22:00:00'),
(21, 'fi', 'NAV_CONTACT', 'Yhteydenotto', NULL, '2016-03-11 22:00:00'),
(22, 'en', 'GALLERY_TITLE', 'Gallery', NULL, '2016-03-12 22:00:00'),
(23, 'fi', 'GALLERY_TITLE', 'Galleria', NULL, '2016-03-12 22:00:00'),
(24, 'sv', 'GALLERY_TITLE', 'Galleri', '2017-04-02 13:20:03', '2016-03-12 22:00:00'),
(25, 'en', 'SERVICES_TITLE', 'Services', NULL, '2016-03-12 20:00:00'),
(26, 'fi', 'SERVICES_TITLE', 'Palvelut', NULL, '2016-03-12 20:00:00'),
(27, 'sv', 'SERVICES_TITLE', 'Tjänster', '2017-04-02 13:20:03', '2016-03-12 20:00:00'),
(28, 'en', 'CONTACT_TITLE', 'Contact', NULL, '2016-03-11 20:00:00'),
(29, 'sv', 'CONTACT_TITLE', 'Kontakt', '2017-04-02 13:20:03', '2016-03-11 20:00:00'),
(30, 'fi', 'CONTACT_TITLE', 'Yhteydenotto', NULL, '2016-03-11 20:00:00'),
(31, 'fi', 'CONTACT_FIELD_NAME', 'Nimesi', NULL, '2016-04-02 21:00:00'),
(32, 'fi', 'CONTACT_FIELD_EMAIL', 'Sähköpostiosoite', '2017-03-29 16:52:14', '2016-04-02 21:00:00'),
(33, 'fi', 'CONTACT_FIELD_SUBJECT', 'Aihe', NULL, '2016-04-02 21:00:00'),
(34, 'fi', 'CONTACT_FIELD_MESSAGE', 'Viesti', NULL, '0000-00-00 00:00:00'),
(35, 'en', 'CONTACT_FIELD_NAME', 'Your name', NULL, '2016-04-02 18:00:00'),
(36, 'en', 'CONTACT_FIELD_EMAIL', 'Your e-mail', '2017-03-29 16:53:07', '2016-04-02 18:00:00'),
(37, 'en', 'CONTACT_FIELD_SUBJECT', 'Subject', NULL, '2016-04-02 18:00:00'),
(38, 'en', 'CONTACT_FIELD_MESSAGE', 'Message', NULL, '0000-00-00 00:00:00'),
(39, 'sv', 'CONTACT_FIELD_NAME', 'Ditt namn', '2017-04-02 13:20:03', '2016-04-02 18:00:00'),
(40, 'sv', 'CONTACT_FIELD_EMAIL', 'Din e-postadress', '2017-04-02 13:20:03', '2016-04-02 18:00:00'),
(41, 'sv', 'CONTACT_FIELD_SUBJECT', 'Ämne', '2017-04-02 13:20:03', '2016-04-02 18:00:00'),
(42, 'sv', 'CONTACT_FIELD_MESSAGE', 'Meddelande', '2017-04-02 13:20:03', '0000-00-00 00:00:00'),
(43, 'fi', 'CONTACT_SUBMIT', 'Lähetä viesti', NULL, '2016-04-02 21:00:00'),
(44, 'sv', 'CONTACT_SUBMIT', 'Skicka meddelande', '2017-04-02 13:20:03', '2016-04-02 21:00:00'),
(45, 'en', 'CONTACT_SUBMIT', 'Send message', NULL, '2016-04-02 21:00:00'),
(46, 'fi', 'CONTACT_SUBMIT_TEXT', 'Kiitos yhteydenotostasi. Olemme sinuun yhteydessä pian.', NULL, '2016-04-02 21:00:00'),
(47, 'sv', 'CONTACT_SUBMIT_TEXT', 'Tack. Vi kommer att vara i kontakt med dig snart.', '2017-04-02 13:20:03', '2016-04-02 21:00:00'),
(48, 'en', 'CONTACT_SUBMIT_TEXT', 'Thank you. We\'ll be in touch with you soon.', '2016-04-03 16:28:03', '2016-04-02 21:00:00'),
(49, 'fi', 'CONTACT_FIELD_ERROR_NAME', 'Nimi ei voi olla tyhjä.', NULL, '2016-04-02 18:00:00'),
(50, 'fi', 'CONTACT_FIELD_ERROR_EMAIL', 'Sähköpostiosoite on oltava oikea.', NULL, '2016-04-02 18:00:00'),
(51, 'fi', 'CONTACT_FIELD_ERROR_SUBJECT', 'Aihe ei voi olla tyhjä.', NULL, '2016-04-02 18:00:00'),
(52, 'fi', 'CONTACT_FIELD_ERROR_MESSAGE', 'Viestissä on oltava enemmän kuin kolme merkkiä.', NULL, '0000-00-00 00:00:00'),
(53, 'en', 'CONTACT_FIELD_ERROR_NAME', 'Your name can´t be empty.', NULL, '2016-04-02 15:00:00'),
(54, 'en', 'CONTACT_FIELD_ERROR_EMAIL', 'Your e-mail address must be a real address.', NULL, '2016-04-02 15:00:00'),
(55, 'en', 'CONTACT_FIELD_ERROR_SUBJECT', 'The subject can´t be empty.', NULL, '2016-04-02 15:00:00'),
(56, 'en', 'CONTACT_FIELD_ERROR_MESSAGE', 'The message must be longer than three characters.', NULL, '0000-00-00 00:00:00'),
(57, 'sv', 'CONTACT_FIELD_ERROR_NAME', 'Ditt namn kan inte vara tom.', '2017-04-02 13:20:03', '2016-04-02 15:00:00'),
(58, 'sv', 'CONTACT_FIELD_ERROR_EMAIL', 'Din e-postadresss måste vara en riktig e-postaddress.', '2017-04-02 13:20:03', '2016-04-02 15:00:00'),
(59, 'sv', 'CONTACT_FIELD_ERROR_SUBJECT', 'Ämnet kan inte vara tom', '2017-04-02 13:20:03', '2016-04-02 15:00:00'),
(60, 'sv', 'CONTACT_FIELD_ERROR_MESSAGE', 'Meddelandet måste vara längre än tre tecken.', '2017-04-02 13:20:03', '0000-00-00 00:00:00'),
(61, 'fi', 'CONTACT_FIELD_ERROR___CSRF_TOKEN', 'Pahoittelumme, mutta lomake on vanhentunut. Ole hyvä ja yritä uudelleen.', '2016-04-15 19:59:42', '2016-04-13 21:00:00'),
(62, 'en', 'CONTACT_FIELD_ERROR___CSRF_TOKEN', 'We\'re sorry but the form has expired. Please try again.', '2016-04-15 19:58:48', '2016-04-13 21:00:00'),
(63, 'sv', 'CONTACT_FIELD_ERROR___CSRF_TOKEN', 'Vi ber om ursäkt men formen har löpt ut. Var god försök igen.', '2017-04-02 13:20:03', '2016-04-13 21:00:00'),
(64, 'fi', 'VIDEOS_PAGE_TITLE', 'Videoita', '2016-03-06 14:15:39', '2016-03-05 20:00:00'),
(65, 'sv', 'VIDEOS_PAGE_TITLE', 'Video', '2017-04-02 13:20:03', '2016-03-05 20:00:00'),
(66, 'en', 'VIDEOS_PAGE_TITLE', 'Videos', NULL, '2016-03-05 20:00:00'),
(67, 'fi', 'NAV_VIDEOS', 'Videoita', '2016-05-02 18:07:48', '2016-03-11 20:00:00'),
(68, 'en', 'NAV_VIDEOS', 'Videos', '2016-05-02 18:07:29', '2016-03-11 20:00:00'),
(69, 'sv', 'NAV_VIDEOS', 'Video', '2017-04-02 13:20:03', '2016-03-11 20:00:00'),
(70, 'fi', 'VIDEOS_LIST_CAPTION', 'Valitse video', '2016-05-02 21:00:00', '0000-00-00 00:00:00'),
(71, 'sv', 'VIDEOS_LIST_CAPTION', 'Välj video', '2017-04-02 13:20:03', '0000-00-00 00:00:00'),
(72, 'en', 'VIDEOS_LIST_CAPTION', 'Select video', '2016-05-02 21:00:00', '0000-00-00 00:00:00'),
(73, 'en', 'CONTACT_INFO', 'Contact Information', NULL, '2016-12-19 18:00:00'),
(74, 'fi', 'CONTACT_INFO', 'Yhteystiedot', NULL, '2016-12-19 18:00:00'),
(75, 'sv', 'CONTACT_INFO', 'Kontakt information', '2017-04-02 13:20:03', '2016-12-19 18:00:00'),
(76, 'fi', 'FRONT_PAGE_SH_CAPTION_TEXT', '<p>Länsi-Uudenmaan PuuApu on Länsi-Uudellamaalla toimiva lohjalainen yritys.</p> <p>Vastuullisella\nhuolenpidolla varmistamme asiakkaillemme kauniin ja toimivan ympäristön.</p>', '2018-03-14 18:11:31', '2016-12-27 18:00:00'),
(77, 'en', 'FRONT_PAGE_SH_CAPTION_TEXT', '<p>Länsi-Uudenmaan PuuApu takes care of trees with responsibility and attention.</p> <p>Our ambition is to\nprovide satisfied customers with a functional and beautiful environment.</p>', '2018-03-14 18:51:05', '2016-12-27 18:00:00'),
(78, 'sv', 'FRONT_PAGE_SH_CAPTION_TEXT', '<p>Nyländska TrädHjälpen sköter träd och fällning med ansvar och omsorg.</p> <p>Vi eftersträvar nöjda\nkunder samt en vacker och fungerande miljö.</p>', '2018-03-14 18:16:23', '2016-12-27 18:00:00'),
(79, 'sv', 'FRONT_PAGE_SH_CAPTION_TITLE', 'Trätrubbel?', '2018-02-01 18:33:00', '2016-12-27 20:00:00'),
(80, 'en', 'FRONT_PAGE_SH_CAPTION_TITLE', 'Tree trouble?', '2018-02-01 18:32:43', '2016-12-27 20:00:00'),
(81, 'fi', 'FRONT_PAGE_SH_CAPTION_TITLE', 'Vailla kaatoa?', '2018-02-04 12:06:09', '2016-12-27 20:00:00'),
(82, 'fi', 'CONTACT_TEXT_NAME', 'Länsi-Uudenmaan PuuApu', '2017-01-14 13:52:31', '2017-01-13 22:00:00'),
(83, 'fi', 'CONTACT_TEXT_STREET_ADDRESS', 'Malminkatu 16', '2017-05-20 13:06:29', '2017-01-13 22:00:00'),
(84, 'fi', 'CONTACT_TEXT_POSTAL_CODE', '08150', NULL, '2017-01-13 22:00:00'),
(85, 'fi', 'CONTACT_TEXT_CITY', 'Lohja', '2017-01-14 12:49:39', '2017-01-13 22:00:00'),
(86, 'sv', 'CONTACT_TEXT_CITY', 'Lojo', '2017-04-02 13:20:03', '2017-01-13 20:00:00'),
(87, 'sv', 'CONTACT_TEXT_POSTAL_CODE', '08150', '2017-04-02 13:20:03', '2017-01-13 20:00:00'),
(88, 'sv', 'CONTACT_TEXT_STREET_ADDRESS', 'Malminkatu 16', '2017-04-02 13:20:03', '2017-01-13 20:00:00'),
(89, 'en', 'CONTACT_TEXT_CITY', 'Lohja', '2017-01-14 10:49:39', '2017-01-13 20:00:00'),
(90, 'en', 'CONTACT_TEXT_POSTAL_CODE', '08150', NULL, '2017-01-13 20:00:00'),
(91, 'en', 'CONTACT_TEXT_STREET_ADDRESS', 'Malminkatu 16', NULL, '2017-01-13 20:00:00'),
(92, 'sv', 'CONTACT_TEXT_NAME', 'Länsi-Uudenmaan PuuApu', '2017-04-02 13:20:03', '2017-01-13 22:00:00'),
(93, 'en', 'CONTACT_TEXT_NAME', 'Länsi-Uudenmaan PuuApu', '2017-01-14 13:52:26', '2017-01-13 22:00:00'),
(94, 'fi', 'CONTACT_TEXT_BUSINESS_ID', '2138386-4', '2017-01-16 17:45:25', '2017-01-15 22:00:00'),
(95, 'sv', 'CONTACT_TEXT_BUSINESS_ID', '2138386-4', '2017-04-02 13:20:03', '2017-01-15 22:00:00'),
(96, 'en', 'CONTACT_TEXT_BUSINESS_ID', '2138386-4', NULL, '2017-01-15 22:00:00'),
(97, 'fi', 'FRONT_PAGE_SERVICES_TITLE', 'Palvelut', '2018-02-11 15:19:52', '2017-01-23 20:00:00'),
(98, 'sv', 'FRONT_PAGE_SERVICES_TITLE', 'Services', '2017-04-02 13:20:03', '2017-01-23 20:00:00'),
(99, 'en', 'FRONT_PAGE_SERVICES_TITLE', 'Services', NULL, '2017-01-23 20:00:00'),
(100, 'fi', 'NAME_SHORT', 'LUPA', NULL, '2017-01-24 22:00:00'),
(101, 'sv', 'NAME_SHORT', 'LUPA', '2017-04-02 13:20:03', '2017-01-24 22:00:00'),
(102, 'en', 'NAME_SHORT', 'LUPA', NULL, '2017-01-24 22:00:00'),
(103, 'fi', 'FOOTER_NAVIGATION_TITLE', '<span class="orange">Navi</span>gointi', '2017-04-01 14:46:09', '2017-01-24 22:00:00'),
(104, 'en', 'FOOTER_NAVIGATION_TITLE', '<span class="orange">Navi</span>gation', '2017-04-01 14:46:21', '2017-01-24 22:00:00'),
(105, 'sv', 'FOOTER_NAVIGATION_TITLE', '<span class="orange">Navi</span>gation', '2017-04-02 13:20:03', '2017-01-24 22:00:00'),
(106, 'fi', 'CONTACT_US', 'Ota yhteyttä', NULL, '2017-01-24 22:00:00'),
(108, 'sv', 'CONTACT_US', 'Kontakta oss', '2017-04-02 13:20:03', '2017-01-24 22:00:00'),
(109, 'en', 'CONTACT_US', 'Contact us', NULL, '2017-01-24 22:00:00'),
(110, 'fi', 'CONTACT_INFO_FP_TITLE', '<span class="orange">Ota</span> yhteyttä', NULL, '2017-01-24 20:00:00'),
(111, 'sv', 'CONTACT_INFO_FP_TITLE', '<span class="orange">Kontakta</span> oss', '2017-04-02 13:20:03', '2017-01-24 20:00:00'),
(112, 'en', 'CONTACT_INFO_FP_TITLE', '<span class="orange">Contact</span> us', NULL, '2017-01-24 20:00:00'),
(113, 'fi', 'CONTACT_INFO_FP_NAME', '<span class="orange">LU</span>PA', NULL, '2017-01-24 20:00:00'),
(114, 'sv', 'CONTACT_INFO_FP_NAME', '<span class="orange">LU</span>PA', '2017-04-02 13:20:03', '2017-01-24 20:00:00'),
(115, 'en', 'CONTACT_INFO_FP_NAME', '<span class="orange">LU</span>PA', NULL, '2017-01-24 20:00:00'),
(116, 'fi', 'FRONT_PAGE_CONTACT_TITLE', 'Yhteystiedot', NULL, '2017-05-05 21:00:00'),
(117, 'en', 'FRONT_PAGE_CONTACT_TITLE', 'Contact', NULL, '2017-05-05 21:00:00'),
(118, 'sv', 'FRONT_PAGE_CONTACT_TITLE', 'Kontakt', '2017-05-06 16:45:51', '2017-05-05 21:00:00'),
(119, 'fi', 'CONTACT_PROMPT_TEXT', 'Lähetä meille yhteydenottopyyntö antamalla tietosi alla olevaan lomakkeeseen.', '2018-03-08 18:59:37', '2017-05-20 12:00:00'),
(120, 'en', 'CONTACT_PROMPT_TEXT', 'Send us a contact request by entering your information below.', '2018-03-08 18:59:52', '2017-05-20 12:00:00'),
(121, 'sv', 'CONTACT_PROMPT_TEXT', 'Ange din information nedan så tar vi kontakt.', '2018-03-08 19:00:01', '2017-05-20 12:00:00'),
(122, 'fi', 'NAV_FAQ', 'Usein kysyttyä', '2018-03-08 19:33:52', '2016-03-11 20:00:00'),
(123, 'en', 'NAV_FAQ', 'Frequently asked', '2018-03-08 19:33:54', '2016-03-11 20:00:00'),
(124, 'sv', 'NAV_FAQ', 'Vanliga frågor', '2018-03-08 19:33:50', '2016-03-11 20:00:00'),
(125, 'fi', 'FAQ_TITLE', 'Usein kysyttyä', NULL, '2016-03-11 20:00:00'),
(126, 'en', 'FAQ_TITLE', 'Frequently asked', NULL, '2016-03-11 20:00:00'),
(127, 'sv', 'FAQ_TITLE', 'Vanliga frågor', '2017-04-02 10:20:03', '2016-03-11 20:00:00'),
(131, 'fi', 'FRONT_PAGE_VIDEOS_TITLE', 'Videot', NULL, '2017-01-23 18:00:00'),
(132, 'sv', 'FRONT_PAGE_VIDEOS_TITLE', 'Video', '2017-04-02 10:20:03', '2017-01-23 18:00:00'),
(133, 'en', 'FRONT_PAGE_VIDEOS_TITLE', 'Videos', NULL, '2017-01-23 18:00:00'),
(134, 'fi', 'FRONT_PAGE_VIDEOS_SUBTITLE', 'Näin se tapahtuu', NULL, '2017-01-23 18:00:00'),
(135, 'sv', 'FRONT_PAGE_VIDEOS_SUBTITLE', 'Hur vi gör det', '2017-04-02 10:20:03', '2017-01-23 18:00:00'),
(136, 'en', 'FRONT_PAGE_VIDEOS_SUBTITLE', 'How we do it', NULL, '2017-01-23 18:00:00'),
(137, 'fi', 'FRONT_PAGE_SERVICES_SUBTITLE', 'Neljä osa-aluetta', NULL, '2017-01-23 18:00:00'),
(138, 'sv', 'FRONT_PAGE_SERVICES_SUBTITLE', 'Fyra delområder', '2017-04-02 10:20:03', '2017-01-23 18:00:00'),
(139, 'en', 'FRONT_PAGE_SERVICES_SUBTITLE', 'Four sectors', NULL, '2017-01-23 18:00:00'),
(140, 'fi', 'NEWS_TITLE', 'Ajankohtaista', NULL, '2016-03-11 20:00:00'),
(141, 'en', 'NEWS_TITLE', 'News', NULL, '2016-03-11 20:00:00'),
(142, 'sv', 'NEWS_TITLE', 'News', '2017-04-02 10:20:03', '2016-03-11 20:00:00'),
(143, 'fi', 'NEWS_CONTENT', '17.6 – 8.7. Kesäloma, voit jättää yhteydenottopyynnön tästä huolimatta!\r\n23.7.-30.7. Tarjousviikko! Kaikki palvelut -15%', '2018-03-12 20:11:32', '2016-03-11 20:00:00'),
(144, 'en', 'NEWS_CONTENT', '', NULL, '2016-03-11 20:00:00'),
(145, 'sv', 'NEWS_CONTENT', '', '2017-04-02 10:20:03', '2016-03-11 20:00:00'),
(150, 'fi', 'NAV_NEWS', 'Ajankohtaista', NULL, '2016-03-11 20:00:00'),
(151, 'en', 'NAV_NEWS', 'News', NULL, '2016-03-11 20:00:00'),
(152, 'sv', 'NAV_NEWS', 'News', '2017-04-02 10:20:03', '2016-03-11 20:00:00');


/*!40101 SET CHARACTER_SET_CLIENT=@OLD_CHARACTER_SET_CLIENT */;
/*!40101 SET CHARACTER_SET_RESULTS=@OLD_CHARACTER_SET_RESULTS */;
/*!40101 SET COLLATION_CONNECTION=@OLD_COLLATION_CONNECTION */;
